{
  "metadata": {
    "lastUpdated": "2024-02-01",
    "totalDraws": 32120,
    "dateRange": {
      "start": "1980-01-01",
      "end": "2024-02-01"
    },
    "format": {
      "pick3": "###",
      "pick4": "####"
    }
  },
  "draws": [
    {
      "date": "2024-02-01",
      "midday": {
        "pick3": "701",
        "pick4": "1234"
      },
      "evening": {
        "pick3": "331",
        "pick4": "5678"
      }
    },
    {
      "date": "2024-01-31",
      "midday": {
        "pick3": "123",
        "pick4": "4567"
      },
      "evening": {
        "pick3": "456",
        "pick4": "7890"
      }
    },
    {
      "date": "2024-01-30",
      "midday": {
        "pick3": "789",
        "pick4": "2345"
      },
      "evening": {
        "pick3": "012",
        "pick4": "6789"
      }
    },
    {
      "date": "2024-01-29",
      "midday": {
        "pick3": "345",
        "pick4": "3456"
      },
      "evening": {
        "pick3": "678",
        "pick4": "7890"
      }
    },
    {
      "date": "2024-01-28",
      "midday": {
        "pick3": "901",
        "pick4": "4567"
      },
      "evening": {
        "pick3": "234",
        "pick4": "8901"
      }
    }
  ]
}